,reward,performance,loss,episode,episode_smooth,reward_smooth,performance_smooth,loss_smooth
0,-83.0,-83.0,44.0,0.0,,,,
1,-24.0,-39.0,2447.0,1.0,,,,
2,-82.0,-82.0,41.0,2.0,,,,
3,-30.0,-30.0,2449.0,3.0,,,,
4,-29.0,-34.0,2434.0,4.0,,,,
5,-34.0,-44.0,2386.2201,5.0,,,,
6,-76.0,-76.0,18.0,6.0,,,,
7,-70.0,-70.0,4436.56363602,7.0,,,,
8,-82.0,-82.0,28865.69591112433,8.0,,,,
9,-83.0,-93.0,27532.342752763347,9.0,,,,
10,-82.0,-82.0,31185.76141626109,10.0,,,,
11,-33.0,-33.0,21545.917270358917,11.0,,,,
12,-76.0,-81.0,17666.680982693153,12.0,,,,
13,-29.0,-29.0,11902.874958645822,13.0,,,,
14,-31.0,-41.0,20288.912479445014,14.0,,,,
15,-29.0,-29.0,16657.13001752938,15.0,,,,
16,-27.0,-37.0,2277.2001,16.0,,,,
17,-31.0,-41.0,15174.968601978508,17.0,,,,
18,-81.0,-91.0,2148.65714815047,18.0,,,,
19,-74.0,-74.0,23.0,19.0,,,,
20,-29.0,-39.0,4515.0396988516,20.0,,,,
21,-80.0,-80.0,35222.19627509482,21.0,,,,
22,-34.0,-44.0,14.0,22.0,,,,
23,-30.0,-35.0,10611.455545559018,23.0,,,,
24,-25.0,-25.0,2447.0,24.0,,,,
25,-81.0,-86.0,42693.51319076374,25.0,,,,
26,-79.0,-79.0,5721.780943069176,26.0,,,,
27,-78.0,-78.0,28465.085044852796,27.0,,,,
28,-23.0,-28.0,2415.0,28.0,,,,
29,-84.0,-89.0,9013.395149824157,29.0,,,,
30,-28.0,-38.0,3.0,30.0,,,,
31,-33.0,-33.0,2524.1457325376755,31.0,,,,
32,-29.0,-34.0,14222.41136000562,32.0,,,,
33,-31.0,-36.0,4158.079397703202,33.0,,,,
34,-28.0,-38.0,2.0,34.0,,,,
35,-26.0,-36.0,2.0,35.0,,,,
36,-27.0,-32.0,3442.7661295919515,36.0,,,,
37,-33.0,-43.0,2.0,37.0,,,,
38,-30.0,-40.0,4332.493836019999,38.0,,,,
39,-27.0,-32.0,3826.445336968508,39.0,,,,
40,-29.0,-39.0,2.0,40.0,,,,
41,-30.0,-35.0,13198.999679421864,41.0,,,,
42,-24.0,-34.0,11.0,42.0,,,,
43,-77.0,-82.0,5808.386438682967,43.0,,,,
44,-30.0,-40.0,9.0,44.0,,,,
45,-27.0,-37.0,4489.0396988516,45.0,,,,
46,-29.0,-29.0,11567.00383602,46.0,,,,
47,-24.0,-29.0,2420.0,47.0,,,,
48,-31.0,-41.0,1754.1958023327616,48.0,,,,
49,-32.0,-32.0,32.0,49.0,,,,
50,-87.0,-97.0,25673.421471502974,50.0,,,,
51,-85.0,-85.0,0.0,51.0,,,,
52,-28.0,-33.0,3781.1228681930843,52.0,,,,
53,-30.0,-40.0,8671.101687061037,53.0,,,,
54,-21.0,-31.0,31291.186485426337,54.0,,,,
55,-30.0,-40.0,0.0,55.0,,,,
56,-35.0,-40.0,21638.99405560844,56.0,,,,
57,-76.0,-76.0,0.0,57.0,,,,
58,-80.0,-85.0,11232.308118438326,58.0,,,,
59,-32.0,-42.0,0.0,59.0,,,,
60,-29.0,-34.0,6.0,60.0,,,,
61,-27.0,-27.0,2419.0,61.0,,,,
62,-20.0,-30.0,0.0,62.0,,,,
63,-31.0,-41.0,19548.380719988505,63.0,,,,
64,-23.0,-33.0,5.0,64.0,,,,
65,-24.0,-34.0,3.0,65.0,,,,
66,-84.0,-84.0,0.0,66.0,,,,
67,-23.0,-33.0,0.0,67.0,,,,
68,-24.0,-29.0,1.0,68.0,,,,
69,-27.0,-37.0,0.0,69.0,,,,
70,-28.0,-38.0,0.0,70.0,,,,
71,-27.0,-37.0,8624.561315713201,71.0,,,,
72,-21.0,-31.0,0.0,72.0,,,,
73,-73.0,-83.0,27972.29199456901,73.0,,,,
74,-79.0,-89.0,8599.643033723201,74.0,,,,
75,-83.0,-88.0,0.0,75.0,,,,
76,-27.0,-32.0,0.0,76.0,,,,
77,-28.0,-33.0,0.0,77.0,,,,
78,-32.0,-37.0,5594.5074642155905,78.0,,,,
79,-81.0,-86.0,1720.6378136086062,79.0,,,,
80,-28.0,-38.0,6696.070438555464,80.0,,,,
81,-18.0,-28.0,3.0,81.0,,,,
82,-78.0,-78.0,0.0,82.0,,,,
83,-30.0,-35.0,5277.84412471262,83.0,,,,
84,27.0,27.0,2433.0,84.0,,,,
85,-91.0,-91.0,6034.433898526571,85.0,,,,
86,-29.0,-39.0,0.0,86.0,,,,
87,-27.0,-37.0,0.0,87.0,,,,
88,-27.0,-37.0,0.0,88.0,,,,
89,-31.0,-41.0,2474.6672772584,89.0,,,,
90,-21.0,-31.0,0.0,90.0,,,,
91,-24.0,-34.0,0.0,91.0,,,,
92,-79.0,-79.0,4444.200003194504,92.0,,,,
93,-25.0,-35.0,4.0,93.0,,,,
94,-23.0,-23.0,9.0,94.0,,,,
95,-23.0,-23.0,79.90738318950308,95.0,,,,
96,-18.0,-18.0,1.0,96.0,,,,
97,-18.0,-28.0,0.0,97.0,,,,
98,-24.0,-29.0,0.0,98.0,,,,
99,-31.0,-41.0,0.0,99.0,49.5,-41.67,-47.57,6266.896386246069
100,-19.0,-24.0,0.0,100.0,50.5,-41.03,-46.98,6266.456386246069
101,-23.0,-28.0,1.0,101.0,51.5,-41.02,-46.87,6241.996386246069
102,-22.0,-27.0,9134.00383602,102.0,52.5,-40.42,-46.32,6332.926424606269
103,-14.0,-24.0,0.0,103.0,53.5,-40.26,-46.26,6308.436424606269
104,-29.0,-39.0,0.0,104.0,54.5,-40.26,-46.31,6284.096424606269
105,-24.0,-29.0,3294.3170646735516,105.0,55.5,-40.16,-46.16,6293.1773942530035
106,-27.0,-37.0,0.0,106.0,56.5,-39.67,-45.77,6292.997394253004
107,-23.0,-28.0,0.0,107.0,57.5,-39.2,-45.35,6248.631757892805
108,-18.0,-18.0,3.0,108.0,58.5,-38.56,-44.71,5960.004798781561
109,-17.0,-27.0,0.0,109.0,59.5,-37.9,-44.05,5684.681371253928
110,-21.0,-31.0,0.0,110.0,60.5,-37.29,-43.54,5372.823757091317
111,-24.0,-34.0,2.0,111.0,61.5,-37.2,-43.55,5157.384584387727
112,-27.0,-32.0,0.0,112.0,62.5,-36.71,-43.06,4980.717774560796
113,-18.0,-28.0,6543.77565403,113.0,63.5,-36.6,-43.05,4927.1267815146375
114,-9.0,-19.0,0.0,114.0,64.5,-36.38,-42.83,4724.237656720187
115,-20.0,-30.0,4424.56363602,115.0,65.5,-36.29,-42.84,4601.911992905093
116,-15.0,-25.0,0.0,116.0,66.5,-36.17,-42.72,4579.139991905093
117,-16.0,-26.0,0.0,117.0,67.5,-36.02,-42.57,4427.390305885308
118,-16.0,-26.0,0.0,118.0,68.5,-35.37,-41.92,4405.903734403804
119,-23.0,-33.0,0.0,119.0,69.5,-34.86,-41.51,4405.673734403804
120,-81.0,-81.0,0.0,120.0,70.5,-35.38,-41.93,4360.523337415288
121,-23.0,-33.0,2081.039698851601,121.0,71.5,-34.81,-41.46,4029.1117716528556
122,-33.0,-43.0,8495.319196554803,122.0,72.5,-34.8,-41.45,4113.924963618403
123,-14.0,-24.0,0.0,123.0,73.5,-34.64,-41.34,4007.8104081628135
124,-22.0,-22.0,2196.2451175563974,124.0,74.5,-34.61,-41.31,4005.3028593383774
125,-33.0,-38.0,25.27732213356122,125.0,75.5,-34.13,-40.83,3578.6205006520754
126,-15.0,-20.0,0.0,126.0,76.5,-33.49,-40.24,3521.402691221384
127,-31.0,-36.0,6168.155868687224,127.0,77.5,-33.02,-39.82,3298.4333994597278
128,-17.0,-27.0,0.0,128.0,78.5,-32.96,-39.81,3274.2833994597277
129,-23.0,-23.0,0.0,129.0,79.5,-32.35,-39.15,3184.149447961486
130,-23.0,-33.0,3.0,130.0,80.5,-32.3,-39.1,3184.149447961486
131,-5.0,-10.0,0.0,131.0,81.5,-32.02,-38.87,3158.9079906361094
132,-26.0,-31.0,14.0,132.0,82.5,-31.99,-38.84,3016.8238770360535
133,-16.0,-26.0,1.0,133.0,83.5,-31.84,-38.74,2975.2530830590213
134,-10.0,-20.0,0.0,134.0,84.5,-31.66,-38.56,2975.2330830590213
135,-22.0,-32.0,6.0,135.0,85.5,-31.62,-38.52,2975.2730830590212
136,-78.0,-83.0,0.0,136.0,86.5,-32.13,-39.03,2940.845421763102
137,-21.0,-31.0,2.0,137.0,87.5,-32.01,-38.91,2940.845421763102
138,-19.0,-24.0,0.0,138.0,88.5,-31.9,-38.75,2897.520483402902
139,-18.0,-23.0,0.0,139.0,89.5,-31.81,-38.66,2859.256030033217
140,-31.0,-41.0,3872.6201010648347,140.0,90.5,-31.83,-38.68,2897.9622310438654
141,-75.0,-80.0,1834.0779951206682,141.0,91.5,-32.28,-39.13,2784.313014200853
142,-18.0,-28.0,2077.039698851601,142.0,92.5,-32.22,-39.07,2804.9734111893695
143,-14.0,-19.0,0.0,143.0,93.5,-31.59,-38.44,2746.88954680254
144,-23.0,-33.0,10790.924851733202,144.0,94.5,-31.52,-38.37,2854.708795319871
145,-17.0,-27.0,0.0,145.0,95.5,-31.42,-38.27,2809.818398331356
146,-22.0,-32.0,0.0,146.0,96.5,-31.35,-38.3,2694.148359971156
147,-22.0,-32.0,3.0,147.0,97.5,-31.33,-38.33,2669.978359971156
148,-24.0,-24.0,1.0,148.0,98.5,-31.26,-38.16,2652.4464019478273
149,-21.0,-31.0,0.0,149.0,99.5,-31.15,-38.15,2652.1264019478276
150,-33.0,-43.0,4153.083169341484,150.0,100.5,-30.61,-37.61,2436.9230189262134
151,-17.0,-27.0,0.0,151.0,101.5,-29.93,-37.03,2436.9230189262134
152,26.0,21.0,2413.0,152.0,102.5,-29.39,-36.49,2423.2417902442826
153,-19.0,-29.0,0.0,153.0,103.5,-29.28,-36.38,2336.530773373672
154,-17.0,-27.0,0.0,154.0,104.5,-29.24,-36.34,2023.6189085194087
155,-16.0,-26.0,0.0,155.0,105.5,-29.1,-36.2,2023.6189085194087
156,-77.0,-87.0,6330.7299267659655,156.0,106.5,-29.52,-36.67,1870.5362672309839
157,-23.0,-33.0,0.0,157.0,107.5,-28.99,-36.24,1870.5362672309839
158,-12.0,-22.0,0.0,158.0,108.5,-28.31,-35.61,1758.2131860466006
159,-11.0,-21.0,0.0,159.0,109.5,-28.1,-35.4,1758.2131860466006
160,-20.0,-25.0,0.0,160.0,110.5,-28.01,-35.31,1758.1531860466007
161,-26.0,-31.0,0.0,161.0,111.5,-28.0,-35.35,1733.9631860466006
162,-71.0,-71.0,6111.576628165754,162.0,112.5,-28.51,-35.76,1795.0789523282583
163,-25.0,-35.0,3.0,163.0,113.5,-28.45,-35.7,1599.625145128373
164,-20.0,-25.0,0.0,164.0,114.5,-28.42,-35.62,1599.5751451283732
165,-24.0,-34.0,139.3269911564567,165.0,115.5,-28.42,-35.62,1600.9384150399376
166,-30.0,-40.0,0.0,166.0,116.5,-27.88,-35.18,1600.9384150399376
167,-23.0,-23.0,21.0,167.0,117.5,-27.88,-35.08,1601.1484150399376
168,-11.0,-21.0,0.0,168.0,118.5,-27.75,-35.0,1601.1384150399376
169,-6.0,-6.0,1.0,169.0,119.5,-27.54,-34.69,1601.1484150399376
170,-14.0,-19.0,0.0,170.0,120.5,-27.4,-34.5,1601.1484150399376
171,-25.0,-35.0,0.0,171.0,121.5,-27.38,-34.48,1514.9028018828058
172,-23.0,-33.0,0.0,172.0,122.5,-27.4,-34.5,1514.9028018828058
173,-21.0,-31.0,23.0,173.0,123.5,-26.88,-33.98,1235.4098819371156
174,-9.0,-19.0,0.0,174.0,124.5,-26.18,-33.28,1149.4134515998835
175,-22.0,-32.0,120.27076230600522,175.0,125.5,-25.57,-32.72,1150.6161592229435
176,-19.0,-29.0,5.0,176.0,126.5,-25.49,-32.69,1150.6661592229436
177,-30.0,-35.0,27.0,177.0,127.5,-25.51,-32.71,1150.9361592229436
178,-21.0,-31.0,5.0,178.0,128.5,-25.4,-32.65,1095.0410845807878
179,-19.0,-24.0,0.0,179.0,129.5,-24.78,-32.03,1077.8347064447016
180,-21.0,-26.0,0.0,180.0,130.5,-24.71,-31.91,1010.8740020591471
181,-18.0,-28.0,0.0,181.0,131.5,-24.71,-31.91,1010.844002059147
182,-15.0,-20.0,3.0,182.0,132.5,-24.08,-31.33,1010.8740020591471
183,-12.0,-17.0,0.0,183.0,133.5,-23.9,-31.15,958.0955608120208
184,-15.0,-25.0,0.0,184.0,134.5,-24.32,-31.67,933.7655608120208
185,-22.0,-32.0,0.0,185.0,135.5,-23.63,-31.08,873.4212218267551
186,-19.0,-29.0,0.0,186.0,136.5,-23.53,-30.98,873.4212218267551
187,-9.0,-19.0,0.0,187.0,137.5,-23.35,-30.8,873.4212218267551
188,-26.0,-36.0,0.0,188.0,138.5,-23.34,-30.79,873.4212218267551
189,-9.0,-14.0,0.0,189.0,139.5,-23.12,-30.52,848.674549054171
190,-17.0,-27.0,1590.2338953320677,190.0,140.5,-23.08,-30.48,864.5768880074918
191,-12.0,-22.0,0.0,191.0,141.5,-22.96,-30.36,864.5768880074918
192,-22.0,-27.0,8.0,192.0,142.5,-22.39,-29.84,820.2148879755467
193,-37.0,-47.0,4340.760027914364,193.0,143.5,-22.51,-29.96,863.5824882546904
194,-19.0,-29.0,0.0,194.0,144.5,-22.47,-30.02,863.4924882546904
195,-19.0,-24.0,2.048585496099429,195.0,145.5,-22.43,-30.03,862.7139002777565
196,-22.0,-27.0,3.0,196.0,146.5,-22.47,-30.12,862.7339002777564
197,-8.0,-8.0,0.0,197.0,147.5,-22.37,-29.92,862.7339002777564
198,-15.0,-25.0,0.0,198.0,148.5,-22.28,-29.88,862.7339002777564
199,-15.0,-25.0,0.0,199.0,149.5,-22.12,-29.72,862.7339002777564
200,-11.0,-11.0,2257.2001,200.0,150.5,-22.04,-29.59,885.3059012777564
201,48.0,33.0,2404.0,201.0,151.5,-21.33,-28.98,909.3359012777565
202,-19.0,-29.0,0.0,202.0,152.5,-21.3,-29.0,817.9958629175563
203,-15.0,-25.0,0.0,203.0,153.5,-21.31,-29.01,817.9958629175563
204,-20.0,-30.0,0.0,204.0,154.5,-21.22,-28.92,817.9958629175563
205,-18.0,-23.0,3.0,205.0,155.5,-21.16,-28.86,785.0826922708209
206,-20.0,-30.0,0.0,206.0,156.5,-21.09,-28.79,785.0826922708209
207,-18.0,-18.0,15.0,207.0,157.5,-21.04,-28.69,785.2326922708208
208,-4.0,-14.0,0.0,208.0,158.5,-20.9,-28.65,785.2026922708209
209,-18.0,-28.0,0.0,209.0,159.5,-20.91,-28.66,785.2026922708209
210,-15.0,-25.0,0.0,210.0,160.5,-20.85,-28.6,785.2026922708209
211,-15.0,-20.0,0.0,211.0,161.5,-20.76,-28.46,785.1826922708209
212,-8.0,-13.0,0.0,212.0,162.5,-20.57,-28.27,785.1826922708209
213,-12.0,-22.0,0.0,213.0,163.5,-20.51,-28.21,719.744935730521
214,-7.0,-12.0,0.0,214.0,164.5,-20.49,-28.14,719.744935730521
215,-18.0,-28.0,0.0,215.0,165.5,-20.47,-28.12,675.499299370321
216,-16.0,-26.0,0.0,216.0,166.5,-20.48,-28.13,675.499299370321
217,47.0,32.0,7203.093465101207,217.0,167.5,-19.85,-27.55,747.5302340213331
218,-14.0,-24.0,2077.039698851601,218.0,168.5,-19.83,-27.53,768.300631009849
219,-11.0,-21.0,0.0,219.0,169.5,-19.71,-27.41,768.300631009849
220,-8.0,-18.0,0.0,220.0,170.5,-18.98,-26.78,768.300631009849
221,-10.0,-10.0,4105.083169341484,221.0,171.5,-18.85,-26.55,788.5410657147478
222,-14.0,-24.0,0.0,222.0,172.5,-18.66,-26.36,703.5878737491998
223,-9.0,-19.0,0.0,223.0,173.5,-18.61,-26.31,703.5878737491998
224,-14.0,-24.0,0.0,224.0,174.5,-18.53,-26.33,681.6254225736358
225,-10.0,-20.0,0.0,225.0,175.5,-18.3,-26.15,681.3726493523002
226,-10.0,-20.0,0.0,226.0,176.5,-18.25,-26.15,681.3726493523002
227,-8.0,-18.0,0.0,227.0,177.5,-18.02,-25.97,619.691090665428
228,-19.0,-29.0,0.0,228.0,178.5,-18.04,-25.99,619.691090665428
229,-10.0,-10.0,11.0,229.0,179.5,-17.91,-25.86,619.8010906654279
230,-7.0,-17.0,0.0,230.0,180.5,-17.75,-25.7,619.7710906654279
231,-7.0,-17.0,0.0,231.0,181.5,-17.77,-25.77,619.7710906654279
232,-15.0,-25.0,25.071584682814013,232.0,182.5,-17.66,-25.71,619.881806512256
233,-26.0,-36.0,2.048585496099429,233.0,183.5,-17.76,-25.81,619.892292367217
234,-11.0,-21.0,15.0,234.0,184.5,-17.77,-25.82,620.042292367217
235,-7.0,-17.0,0.0,235.0,185.5,-17.62,-25.67,619.982292367217
236,-17.0,-27.0,0.0,236.0,186.5,-17.01,-25.11,619.982292367217
237,-8.0,-18.0,0.0,237.0,187.5,-16.88,-24.98,619.9622923672171
238,-11.0,-21.0,0.0,238.0,188.5,-16.8,-24.95,619.9622923672171
239,-11.0,-21.0,0.0,239.0,189.5,-16.73,-24.93,619.9622923672171
240,-12.0,-17.0,5.0,240.0,190.5,-16.54,-24.69,581.2860913565687
241,-8.0,-18.0,0.0,241.0,191.5,-15.87,-24.07,562.945311405362
242,-11.0,-16.0,0.0,242.0,192.5,-15.8,-23.95,542.174914416846
243,-8.0,-13.0,0.0,243.0,193.5,-15.74,-23.89,542.174914416846
244,-15.0,-25.0,0.0,244.0,194.5,-15.66,-23.81,434.265665899514
245,-13.0,-23.0,0.0,245.0,195.5,-15.62,-23.77,434.265665899514
246,-11.0,-21.0,0.0,246.0,196.5,-15.51,-23.66,434.265665899514
247,-6.0,-16.0,0.0,247.0,197.5,-15.35,-23.5,434.235665899514
248,2.0,-8.0,0.0,248.0,198.5,-15.09,-23.34,434.225665899514
249,-9.0,-14.0,0.0,249.0,199.5,-14.97,-23.17,434.225665899514
250,-8.0,-18.0,0.0,250.0,200.5,-14.72,-22.92,392.6948342060992
251,-15.0,-25.0,0.0,251.0,201.5,-14.7,-22.9,392.6948342060992
252,-2.0,-12.0,0.0,252.0,202.5,-14.98,-23.23,368.5648342060992
253,5.0,0.0,0.0,253.0,203.5,-14.74,-22.94,368.5648342060992
254,-5.0,-5.0,0.0,254.0,204.5,-14.62,-22.72,368.5648342060992
255,-3.0,-8.0,0.0,255.0,205.5,-14.49,-22.54,368.5648342060992
256,-11.0,-21.0,0.0,256.0,206.5,-13.83,-21.88,305.2575349384395
257,-17.0,-22.0,17.0,257.0,207.5,-13.77,-21.77,305.4275349384395
258,-11.0,-21.0,4.0,258.0,208.5,-13.76,-21.76,305.46753493843954
259,-10.0,-20.0,0.0,259.0,209.5,-13.75,-21.75,305.46753493843954
260,-7.0,-17.0,0.0,260.0,210.5,-13.62,-21.67,305.46753493843954
261,-4.0,-14.0,0.0,261.0,211.5,-13.4,-21.5,305.46753493843954
262,-4.0,-14.0,0.0,262.0,212.5,-12.73,-20.93,244.351768656782
263,-6.0,-11.0,0.0,263.0,213.5,-12.54,-20.69,244.321768656782
264,67.0,52.0,4612.4202000000005,264.0,214.5,-11.67,-19.92,290.44597065678204
265,-15.0,-20.0,0.0,265.0,215.5,-11.58,-19.78,289.0527007452174
266,-5.0,-15.0,0.0,266.0,216.5,-11.33,-19.53,289.0527007452174
267,-4.0,-14.0,0.0,267.0,217.5,-11.14,-19.44,288.8427007452174
268,-5.0,-15.0,0.0,268.0,218.5,-11.08,-19.38,288.8427007452174
269,-11.0,-21.0,0.0,269.0,219.5,-11.13,-19.53,288.8327007452174
270,-1.0,-11.0,0.0,270.0,220.5,-11.0,-19.45,288.8327007452174
271,-26.0,-36.0,0.0,271.0,221.5,-11.01,-19.46,288.8327007452174
272,-2.0,-12.0,0.0,272.0,222.5,-10.8,-19.25,288.8327007452174
273,-13.0,-23.0,2460.5707344913203,273.0,223.5,-10.72,-19.17,313.2084080901306
274,-7.0,-17.0,0.0,274.0,224.5,-10.7,-19.15,313.2084080901306
275,-8.0,-18.0,0.0,275.0,225.5,-10.56,-19.01,312.00570046707054
276,-7.0,-17.0,0.0,276.0,226.5,-10.44,-18.89,311.9557004670706
277,-6.0,-16.0,0.0,277.0,227.5,-10.2,-18.7,311.68570046707055
278,-4.0,-9.0,0.0,278.0,228.5,-10.03,-18.48,311.6357004670706
279,-11.0,-16.0,2.0,279.0,229.5,-9.95,-18.4,311.6557004670706
280,-9.0,-19.0,1.0,280.0,230.5,-9.83,-18.33,311.66570046707056
281,-6.0,-16.0,0.0,281.0,231.5,-9.71,-18.21,311.66570046707056
282,-11.0,-21.0,0.0,282.0,232.5,-9.67,-18.22,311.6357004670706
283,47.0,37.0,2405.0,283.0,233.5,-9.08,-17.68,335.68570046707055
284,-18.0,-28.0,0.0,284.0,234.5,-9.11,-17.71,335.68570046707055
285,0.0,-10.0,0.0,285.0,235.5,-8.89,-17.49,335.68570046707055
286,0.0,-10.0,0.0,286.0,236.5,-8.7,-17.3,335.68570046707055
287,3.0,3.0,0.0,287.0,237.5,-8.58,-17.08,335.68570046707055
288,-1.0,-11.0,0.0,288.0,238.5,-8.33,-16.83,335.68570046707055
289,3.0,-7.0,0.0,289.0,239.5,-8.21,-16.76,335.68570046707055
290,5.0,0.0,0.0,290.0,240.5,-7.99,-16.49,319.7833615137499
291,-1.0,-1.0,0.0,291.0,241.5,-7.88,-16.28,319.7833615137499
292,1.0,-4.0,0.0,292.0,242.5,-7.65,-16.05,319.70336151374994
293,4.0,-1.0,0.0,293.0,243.5,-7.24,-15.59,276.29576123460623
294,-6.0,-6.0,0.0,294.0,244.5,-7.11,-15.36,276.29576123460623
295,-19.0,-29.0,0.0,295.0,245.5,-7.11,-15.41,276.2752753796453
296,-2.0,-12.0,0.0,296.0,246.5,-6.91,-15.26,276.2452753796453
297,-8.0,-18.0,0.0,297.0,247.5,-6.91,-15.36,276.2452753796453
298,2.0,-3.0,0.0,298.0,248.5,-6.74,-15.14,276.2452753796453
299,-8.0,-18.0,0.0,299.0,249.5,-6.67,-15.07,276.2452753796453
300,-13.0,-18.0,0.0,300.0,250.5,-6.69,-15.14,253.67327437964525
301,-16.0,-26.0,6.0,301.0,251.5,-7.33,-15.73,229.69327437964526
302,-13.0,-23.0,0.0,302.0,252.5,-7.27,-15.67,229.69327437964526
303,-5.0,-15.0,0.0,303.0,253.5,-7.17,-15.57,229.69327437964526
304,-13.0,-23.0,0.0,304.0,254.5,-7.1,-15.5,229.69327437964526
305,1.0,-4.0,0.0,305.0,255.5,-6.91,-15.31,229.66327437964526
306,-10.0,-10.0,14853.270126261337,306.0,256.5,-6.81,-15.11,378.19597564225865
307,-8.0,-8.0,4.0,307.0,257.5,-6.71,-15.01,378.08597564225863
308,-77.0,-82.0,13311.491285872558,308.0,258.5,-7.44,-15.69,511.2008885009842
309,-8.0,-13.0,0.0,309.0,259.5,-7.34,-15.54,511.2008885009842
310,-14.0,-14.0,2353.2201,310.0,260.5,-7.33,-15.43,534.7330895009842
311,0.0,-5.0,0.0,311.0,261.5,-7.18,-15.28,534.7330895009842
312,-2.0,-7.0,0.0,312.0,262.5,-7.12,-15.22,534.7330895009842
313,-14.0,-24.0,3651.4346433157375,313.0,263.5,-7.14,-15.24,571.2474359341415
314,-7.0,-12.0,0.0,314.0,264.5,-7.14,-15.24,571.2474359341415
315,5.0,-5.0,0.0,315.0,265.5,-6.91,-15.01,571.2474359341415
316,-7.0,-17.0,0.0,316.0,266.5,-6.82,-14.92,571.2474359341415
317,-1.0,-6.0,0.0,317.0,267.5,-7.3,-15.3,499.21650128312945
318,1.0,-4.0,0.0,318.0,268.5,-7.15,-15.1,478.44610429461346
319,1.0,-9.0,0.0,319.0,269.5,-7.03,-14.98,478.44610429461346
320,-7.0,-7.0,0.0,320.0,270.5,-7.02,-14.87,478.44610429461346
321,-9.0,-19.0,3419.1663386829673,321.0,271.5,-7.01,-14.96,471.58693598802836
322,-1.0,-1.0,0.0,322.0,272.5,-6.88,-14.73,471.58693598802824
323,7.0,-3.0,0.0,323.0,273.5,-6.72,-14.57,471.58693598802824
324,0.0,-10.0,0.0,324.0,274.5,-6.58,-14.43,471.58693598802824
325,2.0,-3.0,0.0,325.0,275.5,-6.46,-14.26,471.58693598802824
326,5.0,-5.0,0.0,326.0,276.5,-6.31,-14.11,471.58693598802824
327,9.0,-1.0,0.0,327.0,277.5,-6.14,-13.94,471.58693598802824
328,11.0,1.0,0.0,328.0,278.5,-5.84,-13.64,471.58693598802824
329,5.0,-5.0,0.0,329.0,279.5,-5.69,-13.59,471.4769359880283
330,2.0,-8.0,0.0,330.0,280.5,-5.6,-13.5,471.4769359880283
331,-7.0,-17.0,0.0,331.0,281.5,-5.6,-13.5,471.4769359880283
332,4.0,-6.0,0.0,332.0,282.5,-5.41,-13.31,471.2262201412002
333,0.0,-5.0,0.0,333.0,283.5,-5.15,-13.0,471.2057342862392
334,1.0,1.0,1.0,334.0,284.5,-5.03,-12.78,471.06573428623915
335,3.0,-7.0,0.0,335.0,285.5,-4.93,-12.68,471.06573428623915
336,0.0,-10.0,0.0,336.0,286.5,-4.76,-12.51,471.06573428623915
337,3.0,-7.0,12868.964550584802,337.0,287.5,-4.65,-12.4,599.7553797920872
338,5.0,-5.0,0.0,338.0,288.5,-4.49,-12.24,599.7553797920872
339,-1.0,-11.0,5978.742646800109,339.0,289.5,-4.39,-12.14,659.5428062600882
340,6.0,-4.0,0.0,340.0,290.5,-4.21,-12.01,659.4928062600883
341,-15.0,-25.0,0.0,341.0,291.5,-4.28,-12.08,659.4928062600883
342,-2.0,-7.0,0.0,342.0,292.5,-4.19,-11.99,659.4928062600883
343,2.0,-3.0,0.0,343.0,293.5,-4.09,-11.89,659.4928062600883
344,-2.0,-7.0,0.0,344.0,294.5,-3.96,-11.71,659.4928062600883
345,-5.0,-15.0,0.0,345.0,295.5,-3.88,-11.63,659.4928062600883
346,5.0,-5.0,0.0,346.0,296.5,-3.72,-11.47,659.4928062600883
347,10.0,0.0,0.0,347.0,297.5,-3.56,-11.31,659.4928062600883
348,-5.0,-15.0,8.0,348.0,298.5,-3.63,-11.38,659.5728062600882
349,-4.0,-14.0,0.0,349.0,299.5,-3.58,-11.38,659.5728062600882
350,-5.0,-10.0,0.0,350.0,300.5,-3.55,-11.3,659.5728062600882
351,3.0,-2.0,0.0,351.0,301.5,-3.37,-11.07,659.5728062600882
352,63.0,48.0,5717.780943069176,352.0,302.5,-2.72,-10.47,716.7506156907801
353,5.0,-5.0,0.0,353.0,303.5,-2.72,-10.52,716.7506156907801
354,1.0,-9.0,0.0,354.0,304.5,-2.66,-10.56,716.7506156907801
355,2.0,-8.0,3527.1611644621516,355.0,305.5,-2.61,-10.56,752.0222273354016
356,4.0,-6.0,0.0,356.0,306.5,-2.46,-10.41,752.0222273354016
357,13.0,3.0,0.0,357.0,307.5,-2.16,-10.16,751.8522273354015
358,-8.0,-8.0,0.0,358.0,308.5,-2.13,-10.03,751.8122273354015
359,-11.0,-21.0,8065.018750669755,359.0,309.5,-2.14,-10.04,832.4624148420991
360,4.0,-1.0,1.0,360.0,310.5,-2.03,-9.88,832.472414842099
361,8.0,3.0,0.0,361.0,311.5,-1.91,-9.71,832.472414842099
362,6.0,-4.0,0.0,362.0,312.5,-1.81,-9.61,832.472414842099
363,-11.0,-16.0,16.048585496099427,363.0,313.5,-1.86,-9.66,832.6329006970601
364,5.0,-5.0,0.0,364.0,314.5,-2.48,-10.23,786.5086986970601
365,2.0,-8.0,0.0,365.0,315.5,-2.31,-10.11,786.5086986970601
366,-1.0,-6.0,22.0,366.0,316.5,-2.27,-10.02,786.7286986970602
367,3.0,-7.0,0.0,367.0,317.5,-2.2,-9.95,786.7286986970602
368,30.0,15.0,5469.683270406318,368.0,318.5,-1.85,-9.65,841.4255314011234
369,-5.0,-15.0,4834.948064233642,369.0,319.5,-1.79,-9.59,889.7750120434598
370,46.0,31.0,11901.020183274946,370.0,320.5,-1.32,-9.17,1008.7852138762094
371,65.0,50.0,14958.774383626864,371.0,321.5,-0.41,-8.31,1158.372957712478
372,57.0,42.0,11693.111064497854,372.0,322.5,0.18,-7.77,1275.3040683574563
373,71.0,56.0,6533.571445395348,373.0,323.5,1.02,-6.98,1316.0340754664967
374,8.0,8.0,1.0,374.0,324.5,1.17,-6.73,1316.0440754664967
375,78.0,63.0,2257.2001,375.0,325.5,2.03,-5.92,1338.6160764664967
376,-14.0,-24.0,12846.343225511922,376.0,326.5,1.96,-5.99,1467.079508721616
377,5.0,5.0,0.0,377.0,327.5,2.07,-5.78,1467.079508721616
378,64.0,49.0,11726.075261327482,378.0,328.5,2.75,-5.2,1584.3402613348908
379,5.0,5.0,6.0,379.0,329.5,2.91,-4.99,1584.3802613348907
380,2.0,2.0,1124.4597482744398,380.0,330.5,3.02,-4.78,1595.6148588176352
381,75.0,60.0,5966.380941275623,381.0,331.5,3.83,-4.02,1655.2786682303913
382,67.0,52.0,4594.994927424581,382.0,332.5,4.61,-3.29,1701.2286175046372
383,-13.0,-13.0,24.0,383.0,333.5,4.01,-3.79,1677.4186175046373
384,70.0,55.0,2514.5419780939787,384.0,334.5,4.89,-2.96,1702.564037285577
385,-17.0,-27.0,2804.3651686252615,385.0,335.5,4.72,-3.13,1730.6076889718295
386,81.0,66.0,0.0,386.0,336.5,5.53,-2.37,1730.6076889718295
387,56.0,41.0,7174.45705322297,387.0,337.5,6.06,-1.99,1802.3522595040592
388,63.0,48.0,8533.387609868252,388.0,338.5,6.7,-1.4,1887.6861356027418
389,7.0,7.0,0.0,389.0,339.5,6.74,-1.26,1887.6861356027418
390,59.0,44.0,2187.427837383643,390.0,340.5,7.28,-0.82,1909.5604139765783
391,58.0,43.0,4292.791218849289,391.0,341.5,7.87,-0.38,1952.4883261650712
392,1.0,-9.0,6665.031038793833,392.0,342.5,7.87,-0.43,2019.1386365530095
393,-1.0,-11.0,1092.281999283778,393.0,343.5,7.82,-0.53,2030.0614565458472
394,73.0,58.0,1278.2719446863719,394.0,344.5,8.61,0.11,2042.8441759927111
395,8.0,8.0,0.0,395.0,345.5,8.88,0.48,2042.8441759927111
396,81.0,66.0,0.0,396.0,346.5,9.71,1.26,2042.8441759927111
397,49.0,34.0,14634.941596853289,397.0,347.5,10.28,1.78,2189.193591961244
398,77.0,62.0,0.0,398.0,348.5,11.03,2.43,2189.193591961244
399,72.0,57.0,7108.830442203067,399.0,349.5,11.83,3.18,2260.2818963832747
400,67.0,52.0,9238.73871863292,400.0,350.5,12.63,3.88,2352.6692835696035
401,76.0,61.0,0.0,401.0,351.5,13.55,4.75,2352.6092835696036
402,68.0,53.0,3061.8112222486934,402.0,352.5,14.36,5.51,2383.2273957920906
403,61.0,46.0,5018.985370371156,403.0,353.5,15.02,6.12,2433.417249495802
404,73.0,58.0,1384.7910758085304,404.0,354.5,15.88,6.93,2447.2651602538876
405,76.0,61.0,0.0,405.0,355.5,16.63,7.58,2447.2651602538876
406,77.0,62.0,0.0,406.0,356.5,17.5,8.3,2298.732458991274
407,70.0,55.0,4413.483495116436,407.0,357.5,18.28,8.93,2342.8272939424387
408,80.0,65.0,1092.281999283778,408.0,358.5,19.85,10.4,2220.6352010765504
409,79.0,64.0,0.0,409.0,359.5,20.72,11.17,2220.6352010765504
410,56.0,41.0,0.0,410.0,360.5,21.42,11.72,2197.1030000765504
411,80.0,65.0,0.0,411.0,361.5,22.22,12.42,2197.1030000765504
412,81.0,66.0,0.0,412.0,362.5,23.05,13.15,2197.1030000765504
413,56.0,41.0,0.0,413.0,363.5,23.75,13.8,2160.588653643393
414,8.0,-2.0,0.0,414.0,364.5,23.9,13.9,2160.588653643393
415,71.0,56.0,1278.2719446863719,415.0,365.5,24.56,14.51,2173.3713730902573
416,72.0,57.0,0.0,416.0,366.5,25.35,15.25,2173.3713730902573
417,77.0,62.0,0.0,417.0,367.5,26.13,15.93,2173.3713730902573
418,79.0,64.0,0.0,418.0,368.5,26.91,16.61,2173.3713730902573
419,61.0,46.0,1481.4000010648344,419.0,369.5,27.51,17.16,2188.185373100905
420,77.0,62.0,0.0,420.0,370.5,28.35,17.85,2188.185373100905
421,78.0,63.0,0.0,421.0,371.5,29.22,18.67,2153.9937097140755
422,61.0,46.0,0.0,422.0,372.5,29.84,19.14,2153.9937097140755
423,61.0,46.0,0.0,423.0,373.5,30.38,19.63,2153.9937097140755
424,10.0,5.0,6.0,424.0,374.5,30.48,19.78,2154.0537097140755
425,69.0,54.0,2212.28181801,425.0,375.5,31.15,20.35,2176.1765278941757
426,58.0,43.0,6098.993211713202,426.0,376.5,31.68,20.83,2237.1664600113077
427,73.0,58.0,0.0,427.0,377.5,32.32,21.42,2237.1664600113077
428,74.0,59.0,1590.2338953320677,428.0,378.5,32.95,22.0,2253.0687989646285
429,69.0,54.0,1114.4597482744398,429.0,379.5,33.59,22.59,2264.213396447373
430,78.0,63.0,0.0,430.0,380.5,34.35,23.3,2264.213396447373
431,59.0,44.0,4197.251716861601,431.0,381.5,35.01,23.91,2306.1859136159887
432,79.0,64.0,0.0,432.0,382.5,35.76,24.61,2306.1859136159887
433,70.0,55.0,3864.409486137984,433.0,383.5,36.46,25.21,2344.8300084773687
434,70.0,55.0,6050.820892554802,434.0,384.5,37.15,25.75,2405.328217402917
435,73.0,58.0,1092.281999283778,435.0,385.5,37.85,26.4,2416.2510373957543
436,78.0,63.0,0.0,436.0,386.5,38.63,27.13,2416.2510373957543
437,81.0,66.0,0.0,437.0,387.5,39.41,27.86,2287.561391889906
438,73.0,58.0,0.0,438.0,388.5,40.09,28.49,2287.561391889906
439,72.0,57.0,3770.429469094922,439.0,389.5,40.82,29.17,2265.4782601128545
440,82.0,67.0,1114.4597482744398,440.0,390.5,41.58,29.88,2276.622857595599
441,74.0,59.0,0.0,441.0,391.5,42.47,30.72,2276.622857595599
442,74.0,59.0,0.0,442.0,392.5,43.23,31.38,2276.622857595599
443,72.0,62.0,4351.351473974254,443.0,393.5,43.93,32.03,2320.1363723353415
444,63.0,48.0,3479.2707608875407,444.0,394.5,44.58,32.58,2354.929079944217
445,79.0,64.0,0.0,445.0,395.5,45.42,33.37,2354.929079944217
446,76.0,61.0,0.0,446.0,396.5,46.13,34.03,2354.929079944217
447,80.0,65.0,0.0,447.0,397.5,46.83,34.68,2354.929079944217
448,73.0,58.0,0.0,448.0,398.5,47.61,35.41,2354.849079944217
449,71.0,56.0,1092.281999283778,449.0,399.5,48.36,36.11,2365.771899937055
450,68.0,53.0,0.0,450.0,400.5,49.09,36.74,2365.771899937055
451,63.0,48.0,4032.410638018795,451.0,401.5,49.69,37.24,2406.0960063172424
452,68.0,53.0,1092.281999283778,452.0,402.5,49.74,37.29,2359.841016879389
453,12.0,7.0,1092.281999283778,453.0,403.5,49.81,37.41,2370.7638368722264
454,79.0,64.0,0.0,454.0,404.5,50.59,38.14,2370.7638368722264
455,82.0,67.0,0.0,455.0,405.5,51.39,38.89,2335.4922252276046
456,52.0,37.0,0.0,456.0,406.5,51.87,39.32,2335.4922252276046
457,78.0,63.0,0.0,457.0,407.5,52.52,39.92,2335.4922252276046
458,77.0,62.0,0.0,458.0,408.5,53.37,40.62,2335.4922252276046
459,82.0,67.0,0.0,459.0,409.5,54.3,41.5,2254.8420377209072
460,81.0,66.0,0.0,460.0,410.5,55.07,42.17,2254.8320377209075
461,78.0,63.0,0.0,461.0,411.5,55.77,42.77,2254.8320377209075
462,73.0,58.0,0.0,462.0,412.5,56.44,43.39,2254.8320377209075
463,6.0,-9.0,1379.4541826910206,463.0,413.5,56.61,43.46,2268.4660936928562
464,70.0,55.0,0.0,464.0,414.5,57.26,44.06,2268.4660936928562
465,71.0,56.0,0.0,465.0,415.5,57.95,44.7,2268.4660936928562
466,80.0,65.0,0.0,466.0,416.5,58.76,45.41,2268.2460936928564
467,84.0,69.0,0.0,467.0,417.5,59.57,46.17,2268.2460936928564
468,77.0,62.0,0.0,468.0,418.5,60.04,46.64,2213.5492609887933
469,78.0,63.0,0.0,469.0,419.5,60.87,47.42,2165.199780346457
470,73.0,58.0,0.0,470.0,420.5,61.14,47.69,2046.1895785137074
471,70.0,55.0,1114.4597482744398,471.0,421.5,61.19,47.74,1907.7464321601833
472,72.0,57.0,0.0,472.0,422.5,61.34,47.89,1790.8153215152045
473,75.0,60.0,0.0,473.0,423.5,61.38,47.93,1725.4796070612513
474,78.0,63.0,0.0,474.0,424.5,62.08,48.48,1725.4696070612513
475,77.0,62.0,0.0,475.0,425.5,62.07,48.47,1702.897606061251
476,77.0,62.0,0.0,476.0,426.5,62.98,49.33,1574.4341738061319
477,82.0,67.0,0.0,477.0,427.5,63.75,49.95,1574.4341738061319
478,56.0,41.0,0.0,478.0,428.5,63.67,49.87,1457.1734211928572
479,78.0,63.0,1092.281999283778,479.0,429.5,64.4,50.45,1468.0362411856952
480,71.0,56.0,0.0,480.0,430.5,65.09,50.99,1456.7916437029508
481,74.0,59.0,0.0,481.0,431.5,65.08,50.98,1397.1278342901944
482,72.0,57.0,0.0,482.0,432.5,65.13,51.03,1351.1778850159485
483,74.0,59.0,0.0,483.0,433.5,66.0,51.75,1350.9378850159485
484,77.0,62.0,1092.281999283778,484.0,434.5,66.07,51.82,1336.7152852278464
485,76.0,61.0,0.0,485.0,435.5,67.0,52.7,1308.6716335415938
486,-9.0,-24.0,5.0,486.0,436.5,66.1,51.8,1308.7216335415937
487,58.0,43.0,9276.194963495134,487.0,437.5,66.12,51.82,1329.7390126443154
488,84.0,69.0,0.0,488.0,438.5,66.33,52.03,1244.405136545633
489,14.0,14.0,5.0,489.0,439.5,66.4,52.1,1244.455136545633
490,74.0,59.0,0.0,490.0,440.5,66.55,52.25,1222.5808581717965
491,86.0,71.0,0.0,491.0,441.5,66.83,52.53,1179.6529459833037
492,70.0,55.0,0.0,492.0,442.5,67.52,53.17,1113.0026355953655
493,82.0,67.0,0.0,493.0,443.5,68.35,53.95,1102.0798156025276
494,81.0,66.0,0.0,494.0,444.5,68.43,54.03,1089.297096155664
495,70.0,55.0,1092.281999283778,495.0,445.5,69.05,54.5,1100.2199161485016
496,81.0,66.0,0.0,496.0,446.5,69.05,54.5,1100.2199161485016
497,78.0,63.0,1947.3514739742538,497.0,447.5,69.34,54.79,973.3440149197113
498,80.0,65.0,0.0,498.0,448.5,69.37,54.82,973.3440149197113
499,78.0,63.0,0.0,499.0,449.5,69.43,54.88,902.2557104976808
500,80.0,65.0,0.0,500.0,450.5,69.56,55.01,809.8683233113514
501,73.0,58.0,2141.091174996063,501.0,451.5,69.53,54.98,831.2792350613121
502,79.0,64.0,0.0,502.0,452.5,69.64,55.09,800.6611228388251
503,72.0,57.0,1070.5455874980314,503.0,453.5,69.75,55.2,761.1767250100938
504,79.0,64.0,0.0,504.0,454.5,69.81,55.26,747.3288142520086
505,69.0,54.0,4424.56363602,505.0,455.5,69.74,55.19,791.5744506122086
506,79.0,64.0,0.0,506.0,456.5,69.76,55.21,791.5744506122086
507,72.0,57.0,0.0,507.0,457.5,69.78,55.23,747.4396156610442
508,76.0,61.0,0.0,508.0,458.5,69.74,55.19,736.5167956682064
509,33.0,13.0,4411.890596851601,509.0,459.5,69.28,54.68,780.6357016367225
510,77.0,62.0,0.0,510.0,460.5,69.49,54.89,780.6357016367225
511,71.0,56.0,0.0,511.0,461.5,69.4,54.8,780.6357016367225
512,81.0,66.0,0.0,512.0,462.5,69.4,54.8,780.6357016367225
513,82.0,67.0,0.0,513.0,463.5,69.66,55.06,780.6357016367225
514,79.0,64.0,0.0,514.0,464.5,70.37,55.72,780.6357016367225
515,78.0,63.0,0.0,515.0,465.5,70.44,55.79,767.8529821898587
516,75.0,60.0,0.0,516.0,466.5,70.47,55.82,767.8529821898587
517,78.0,63.0,0.0,517.0,467.5,70.48,55.83,767.8529821898587
518,80.0,65.0,0.0,518.0,468.5,70.49,55.84,767.8529821898587
519,83.0,68.0,0.0,519.0,469.5,70.71,56.06,753.0389821792104
520,74.0,59.0,0.0,520.0,470.5,70.68,56.03,753.0389821792104
521,80.0,65.0,0.0,521.0,471.5,70.7,56.05,753.0389821792104
522,79.0,64.0,0.0,522.0,472.5,70.88,56.23,753.0389821792104
523,79.0,64.0,0.0,523.0,473.5,71.06,56.41,753.0389821792104
524,78.0,63.0,0.0,524.0,474.5,71.74,56.99,752.9789821792104
525,71.0,56.0,0.0,525.0,475.5,71.76,57.01,730.8561639991104
526,78.0,63.0,1377.4541826910206,526.0,476.5,71.96,57.21,683.6407737088884
527,85.0,70.0,0.0,527.0,477.5,72.08,57.33,683.6407737088884
528,84.0,69.0,0.0,528.0,478.5,72.18,57.43,667.7384347555678
529,77.0,62.0,0.0,529.0,479.5,72.26,57.51,656.5938372728234
530,66.0,51.0,0.0,530.0,480.5,72.14,57.39,656.5938372728234
531,83.0,68.0,0.0,531.0,481.5,72.38,57.63,614.6213201042075
532,80.0,65.0,0.0,532.0,482.5,72.39,57.64,614.6213201042075
533,-3.0,-18.0,25.0,533.0,483.5,71.66,56.91,576.2272252428277
534,83.0,68.0,0.0,534.0,484.5,71.79,57.04,515.7190163172796
535,83.0,68.0,0.0,535.0,485.5,71.89,57.14,504.79619632444184
536,82.0,67.0,0.0,536.0,486.5,71.93,57.18,504.79619632444184
537,76.0,61.0,0.0,537.0,487.5,71.88,57.13,504.79619632444184
538,81.0,66.0,0.0,538.0,488.5,71.96,57.21,504.79619632444184
539,80.0,65.0,0.0,539.0,489.5,72.04,57.29,467.0919016334927
540,75.0,60.0,0.0,540.0,490.5,71.97,57.22,455.94730415074827
541,82.0,67.0,0.0,541.0,491.5,72.05,57.3,455.94730415074827
542,77.0,62.0,0.0,542.0,492.5,72.08,57.33,455.94730415074827
543,82.0,67.0,0.0,543.0,493.5,72.18,57.38,412.4337894110057
544,82.0,67.0,0.0,544.0,494.5,72.37,57.57,377.64108180213026
545,74.0,59.0,2251.5475436773977,545.0,495.5,72.32,57.52,400.15655723890427
546,81.0,66.0,0.0,546.0,496.5,72.37,57.57,400.15655723890427
547,81.0,66.0,0.0,547.0,497.5,72.38,57.58,400.15655723890427
548,81.0,66.0,0.0,548.0,498.5,72.46,57.66,400.15655723890427
549,84.0,69.0,0.0,549.0,499.5,72.59,57.79,389.23373724606654
550,81.0,66.0,0.0,550.0,500.5,72.72,57.92,389.23373724606654
551,81.0,66.0,1137.0877954029581,551.0,501.5,72.9,58.1,360.28050881990816
552,71.0,56.0,0.0,552.0,502.5,72.93,58.13,349.3576888270704
553,79.0,64.0,0.0,553.0,503.5,73.6,58.7,338.43486883423253
554,77.0,62.0,0.0,554.0,504.5,73.58,58.68,338.43486883423253
555,86.0,71.0,0.0,555.0,505.5,73.62,58.72,338.43486883423253
556,84.0,69.0,0.0,556.0,506.5,73.94,59.04,338.43486883423253
557,22.0,12.0,0.0,557.0,507.5,73.38,58.53,338.43486883423253
558,76.0,61.0,0.0,558.0,508.5,73.37,58.52,338.43486883423253
559,86.0,71.0,0.0,559.0,509.5,73.41,58.56,338.43486883423253
560,81.0,66.0,1377.4541826910206,560.0,510.5,73.41,58.56,352.2094106611428
561,80.0,65.0,0.0,561.0,511.5,73.43,58.58,352.2094106611428
562,84.0,69.0,0.0,562.0,512.5,73.54,58.69,352.2094106611428
563,84.0,69.0,0.0,563.0,513.5,74.32,59.47,338.41486883423255
564,83.0,68.0,0.0,564.0,514.5,74.45,59.6,338.41486883423255
565,77.0,62.0,0.0,565.0,515.5,74.51,59.66,338.41486883423255
566,76.0,61.0,0.0,566.0,516.5,74.47,59.62,338.41486883423255
567,78.0,63.0,0.0,567.0,517.5,74.41,59.56,338.41486883423255
568,78.0,63.0,0.0,568.0,518.5,74.42,59.57,338.41486883423255
569,79.0,64.0,0.0,569.0,519.5,74.43,59.58,338.41486883423255
570,82.0,67.0,0.0,570.0,520.5,74.52,59.67,338.41486883423255
571,77.0,62.0,0.0,571.0,521.5,74.59,59.74,327.27027135148813
572,84.0,69.0,0.0,572.0,522.5,74.71,59.86,327.27027135148813
573,86.0,71.0,0.0,573.0,523.5,74.82,59.97,327.27027135148813
574,80.0,65.0,0.0,574.0,524.5,74.84,59.99,327.27027135148813
575,84.0,69.0,0.0,575.0,525.5,74.91,60.06,327.27027135148813
576,75.0,60.0,0.0,576.0,526.5,74.89,60.04,327.27027135148813
577,81.0,66.0,0.0,577.0,527.5,74.88,60.03,327.27027135148813
578,78.0,63.0,0.0,578.0,528.5,75.1,60.25,327.27027135148813
579,80.0,65.0,0.0,579.0,529.5,75.12,60.27,316.3474513586504
580,79.0,64.0,0.0,580.0,530.5,75.2,60.35,316.3474513586504
581,84.0,69.0,0.0,581.0,531.5,75.3,60.45,316.3474513586504
582,85.0,70.0,0.0,582.0,532.5,75.43,60.58,316.3474513586504
583,70.0,55.0,0.0,583.0,533.5,75.39,60.54,316.3474513586504
584,85.0,70.0,0.0,584.0,534.5,75.47,60.62,305.4246313658126
585,79.0,64.0,0.0,585.0,535.5,75.5,60.65,305.4246313658126
586,85.0,70.0,0.0,586.0,536.5,76.44,61.59,305.3746313658126
587,82.0,67.0,0.0,587.0,537.5,76.68,61.83,212.61268173086125
588,76.0,61.0,0.0,588.0,538.5,76.6,61.75,212.61268173086125
589,76.0,61.0,0.0,589.0,539.5,77.22,62.22,212.56268173086127
590,84.0,69.0,0.0,590.0,540.5,77.32,62.32,212.56268173086127
591,81.0,66.0,0.0,591.0,541.5,77.27,62.27,212.56268173086127
592,69.0,54.0,0.0,592.0,542.5,77.26,62.26,212.56268173086127
593,76.0,61.0,0.0,593.0,543.5,77.2,62.2,212.56268173086127
594,86.0,71.0,0.0,594.0,544.5,77.25,62.25,212.56268173086127
595,80.0,65.0,0.0,595.0,545.5,77.35,62.35,201.63986173802346
596,84.0,69.0,0.0,596.0,546.5,77.38,62.38,201.63986173802346
597,81.0,66.0,0.0,597.0,547.5,77.41,62.41,182.16634699828094
598,83.0,68.0,0.0,598.0,548.5,77.44,62.44,182.16634699828094
599,25.0,25.0,0.0,599.0,549.5,76.91,62.06,182.16634699828094
600,82.0,67.0,0.0,600.0,550.5,76.93,62.08,182.16634699828094
601,78.0,63.0,0.0,601.0,551.5,76.98,62.13,160.7554352483203
602,78.0,63.0,0.0,602.0,552.5,76.97,62.12,160.75543524832028
603,84.0,69.0,0.0,603.0,553.5,77.09,62.24,150.04997937333997
604,82.0,67.0,0.0,604.0,554.5,77.12,62.27,150.04997937333997
605,81.0,66.0,0.0,605.0,555.5,77.24,62.39,105.80434301313998
606,82.0,67.0,0.0,606.0,556.5,77.27,62.42,105.80434301313998
607,79.0,64.0,0.0,607.0,557.5,77.34,62.49,105.80434301313998
608,85.0,70.0,0.0,608.0,558.5,77.43,62.58,105.80434301313998
609,80.0,65.0,1823.0779951206682,609.0,559.5,77.9,63.1,79.91621699583065
610,78.0,63.0,0.0,610.0,560.5,77.91,63.11,79.91621699583065
611,82.0,67.0,0.0,611.0,561.5,78.02,63.22,79.91621699583065
612,77.0,62.0,0.0,612.0,562.5,77.98,63.18,79.91621699583065
613,84.0,69.0,0.0,613.0,563.5,78.0,63.2,79.91621699583065
614,86.0,71.0,0.0,614.0,564.5,78.07,63.27,79.91621699583065
615,71.0,56.0,0.0,615.0,565.5,78.0,63.2,79.91621699583065
616,84.0,69.0,0.0,616.0,566.5,78.09,63.29,79.91621699583065
617,79.0,64.0,0.0,617.0,567.5,78.1,63.3,79.91621699583065
618,73.0,58.0,0.0,618.0,568.5,78.03,63.23,79.91621699583065
619,79.0,64.0,0.0,619.0,569.5,77.99,63.19,79.91621699583065
620,80.0,65.0,0.0,620.0,570.5,78.05,63.25,79.91621699583065
621,84.0,69.0,0.0,621.0,571.5,78.09,63.29,79.91621699583065
622,85.0,70.0,0.0,622.0,572.5,78.15,63.35,79.91621699583065
623,76.0,61.0,0.0,623.0,573.5,78.12,63.32,79.91621699583065
624,84.0,69.0,0.0,624.0,574.5,78.18,63.38,79.91621699583065
625,86.0,71.0,0.0,625.0,575.5,78.33,63.53,79.91621699583065
626,85.0,70.0,0.0,626.0,576.5,78.4,63.6,66.14167516892044
627,84.0,69.0,0.0,627.0,577.5,78.39,63.59,66.14167516892044
628,79.0,64.0,0.0,628.0,578.5,78.34,63.54,66.14167516892044
629,79.0,64.0,0.0,629.0,579.5,78.36,63.56,66.14167516892044
630,78.0,63.0,0.0,630.0,580.5,78.48,63.68,66.14167516892044
631,82.0,67.0,0.0,631.0,581.5,78.47,63.67,66.14167516892044
632,82.0,67.0,0.0,632.0,582.5,78.49,63.69,66.14167516892044
633,82.0,67.0,0.0,633.0,583.5,79.34,64.54,65.89167516892044
634,78.0,63.0,0.0,634.0,584.5,79.29,64.49,65.89167516892044
635,86.0,71.0,0.0,635.0,585.5,79.32,64.52,65.89167516892044
636,84.0,69.0,0.0,636.0,586.5,79.34,64.54,65.89167516892044
637,80.0,65.0,0.0,637.0,587.5,79.38,64.58,65.89167516892044
638,82.0,67.0,0.0,638.0,588.5,79.39,64.59,65.89167516892044
639,86.0,71.0,0.0,639.0,589.5,79.45,64.65,65.89167516892044
640,79.0,64.0,0.0,640.0,590.5,79.49,64.69,65.89167516892044
641,81.0,66.0,0.0,641.0,591.5,79.48,64.68,65.89167516892044
642,84.0,69.0,0.0,642.0,592.5,79.55,64.75,65.89167516892044
643,85.0,70.0,0.0,643.0,593.5,79.58,64.78,65.89167516892044
644,82.0,67.0,0.0,644.0,594.5,79.58,64.78,65.89167516892044
645,84.0,69.0,0.0,645.0,595.5,79.68,64.88,43.37619973214647
646,84.0,69.0,0.0,646.0,596.5,79.71,64.91,43.37619973214647
647,85.0,70.0,0.0,647.0,597.5,79.75,64.95,43.37619973214647
648,84.0,69.0,0.0,648.0,598.5,79.78,64.98,43.37619973214647
649,85.0,70.0,0.0,649.0,599.5,79.79,64.99,43.37619973214647
650,78.0,63.0,0.0,650.0,600.5,79.76,64.96,43.37619973214647
651,84.0,69.0,0.0,651.0,601.5,79.79,64.99,32.00532177811689
652,78.0,63.0,0.0,652.0,602.5,79.86,65.06,32.00532177811689
653,85.0,70.0,0.0,653.0,603.5,79.92,65.12,32.00532177811689
654,85.0,70.0,0.0,654.0,604.5,80.0,65.2,32.00532177811689
655,85.0,70.0,0.0,655.0,605.5,79.99,65.19,32.00532177811689
656,85.0,70.0,0.0,656.0,606.5,80.0,65.2,32.00532177811689
657,73.0,58.0,0.0,657.0,607.5,80.51,65.66,32.00532177811689
658,82.0,67.0,0.0,658.0,608.5,80.57,65.72,32.00532177811689
659,83.0,68.0,0.0,659.0,609.5,80.54,65.69,32.00532177811689
660,83.0,68.0,0.0,660.0,610.5,80.56,65.71,18.23077995120668
661,84.0,69.0,0.0,661.0,611.5,80.6,65.75,18.23077995120668
662,86.0,71.0,0.0,662.0,612.5,80.62,65.77,18.23077995120668
663,84.0,69.0,0.0,663.0,613.5,80.62,65.77,18.23077995120668
664,86.0,71.0,0.0,664.0,614.5,80.65,65.8,18.23077995120668
665,82.0,67.0,0.0,665.0,615.5,80.7,65.85,18.23077995120668
666,80.0,65.0,0.0,666.0,616.5,80.74,65.89,18.23077995120668
667,80.0,65.0,0.0,667.0,617.5,80.76,65.91,18.23077995120668
668,77.0,62.0,0.0,668.0,618.5,80.75,65.9,18.23077995120668
669,84.0,69.0,0.0,669.0,619.5,80.8,65.95,18.23077995120668
670,80.0,65.0,0.0,670.0,620.5,80.78,65.93,18.23077995120668
671,86.0,71.0,0.0,671.0,621.5,80.87,66.02,18.23077995120668
672,77.0,62.0,0.0,672.0,622.5,80.8,65.95,18.23077995120668
673,83.0,68.0,0.0,673.0,623.5,80.77,65.92,18.23077995120668
674,74.0,59.0,0.0,674.0,624.5,80.71,65.86,18.23077995120668
675,80.0,65.0,0.0,675.0,625.5,80.67,65.82,18.23077995120668
676,85.0,70.0,0.0,676.0,626.5,80.77,65.92,18.23077995120668
677,82.0,67.0,0.0,677.0,627.5,80.78,65.93,18.23077995120668
678,86.0,71.0,0.0,678.0,628.5,80.86,66.01,18.23077995120668
679,83.0,68.0,0.0,679.0,629.5,80.89,66.04,18.23077995120668
680,74.0,59.0,0.0,680.0,630.5,80.84,65.99,18.23077995120668
681,76.0,61.0,0.0,681.0,631.5,80.76,65.91,18.23077995120668
682,82.0,67.0,0.0,682.0,632.5,80.73,65.88,18.23077995120668
683,80.0,65.0,0.0,683.0,633.5,80.83,65.98,18.23077995120668
684,86.0,71.0,0.0,684.0,634.5,80.84,65.99,18.23077995120668
685,85.0,70.0,0.0,685.0,635.5,80.9,66.05,18.23077995120668
686,85.0,70.0,0.0,686.0,636.5,80.9,66.05,18.23077995120668
687,84.0,69.0,0.0,687.0,637.5,80.92,66.07,18.23077995120668
688,83.0,68.0,0.0,688.0,638.5,80.99,66.14,18.23077995120668
689,84.0,69.0,0.0,689.0,639.5,81.07,66.22,18.23077995120668
690,84.0,69.0,0.0,690.0,640.5,81.07,66.22,18.23077995120668
691,86.0,71.0,0.0,691.0,641.5,81.12,66.27,18.23077995120668
692,85.0,70.0,0.0,692.0,642.5,81.28,66.43,18.23077995120668
693,83.0,68.0,0.0,693.0,643.5,81.35,66.5,18.23077995120668
694,86.0,71.0,0.0,694.0,644.5,81.35,66.5,18.23077995120668
695,86.0,71.0,0.0,695.0,645.5,81.41,66.56,18.23077995120668
696,77.0,62.0,0.0,696.0,646.5,81.34,66.49,18.23077995120668
697,84.0,69.0,0.0,697.0,647.5,81.37,66.52,18.23077995120668
698,82.0,67.0,0.0,698.0,648.5,81.36,66.51,18.23077995120668
699,85.0,70.0,0.0,699.0,649.5,81.96,66.96,18.23077995120668
700,86.0,71.0,0.0,700.0,650.5,82.0,67.0,18.23077995120668
701,84.0,69.0,0.0,701.0,651.5,82.06,67.06,18.23077995120668
702,84.0,69.0,0.0,702.0,652.5,82.12,67.12,18.23077995120668
703,80.0,65.0,0.0,703.0,653.5,82.08,67.08,18.23077995120668
704,82.0,67.0,0.0,704.0,654.5,82.08,67.08,18.23077995120668
705,86.0,71.0,0.0,705.0,655.5,82.13,67.13,18.23077995120668
706,81.0,66.0,0.0,706.0,656.5,82.12,67.12,18.23077995120668
707,82.0,67.0,0.0,707.0,657.5,82.15,67.15,18.23077995120668
708,84.0,69.0,0.0,708.0,658.5,82.14,67.14,18.23077995120668
709,84.0,69.0,0.0,709.0,659.5,82.18,67.18,0.0
710,83.0,68.0,0.0,710.0,660.5,82.23,67.23,0.0
711,86.0,71.0,0.0,711.0,661.5,82.27,67.27,0.0
712,84.0,69.0,0.0,712.0,662.5,82.34,67.34,0.0
713,85.0,70.0,0.0,713.0,663.5,82.35,67.35,0.0
714,86.0,71.0,0.0,714.0,664.5,82.35,67.35,0.0
715,85.0,70.0,0.0,715.0,665.5,82.49,67.49,0.0
716,82.0,67.0,0.0,716.0,666.5,82.47,67.47,0.0
717,83.0,68.0,0.0,717.0,667.5,82.51,67.51,0.0
718,86.0,71.0,0.0,718.0,668.5,82.64,67.64,0.0
719,82.0,67.0,0.0,719.0,669.5,82.67,67.67,0.0
720,86.0,71.0,0.0,720.0,670.5,82.73,67.73,0.0
721,86.0,71.0,0.0,721.0,671.5,82.75,67.75,0.0
722,84.0,69.0,0.0,722.0,672.5,82.74,67.74,0.0
723,86.0,71.0,0.0,723.0,673.5,82.84,67.84,0.0
724,84.0,69.0,0.0,724.0,674.5,82.84,67.84,0.0
725,84.0,69.0,0.0,725.0,675.5,82.82,67.82,0.0
726,86.0,71.0,0.0,726.0,676.5,82.83,67.83,0.0
727,86.0,71.0,0.0,727.0,677.5,82.85,67.85,0.0
728,86.0,71.0,0.0,728.0,678.5,82.92,67.92,0.0
729,86.0,71.0,0.0,729.0,679.5,82.99,67.99,0.0
730,84.0,69.0,0.0,730.0,680.5,83.05,68.05,0.0
731,83.0,68.0,0.0,731.0,681.5,83.06,68.06,0.0
732,86.0,71.0,0.0,732.0,682.5,83.1,68.1,0.0
733,86.0,71.0,0.0,733.0,683.5,83.14,68.14,0.0
734,84.0,69.0,0.0,734.0,684.5,83.2,68.2,0.0
735,86.0,71.0,0.0,735.0,685.5,83.2,68.2,0.0
736,86.0,71.0,0.0,736.0,686.5,83.22,68.22,0.0
737,83.0,68.0,0.0,737.0,687.5,83.25,68.25,0.0
738,86.0,71.0,0.0,738.0,688.5,83.29,68.29,0.0
739,85.0,70.0,0.0,739.0,689.5,83.28,68.28,0.0
740,86.0,71.0,0.0,740.0,690.5,83.35,68.35,0.0
741,80.0,65.0,0.0,741.0,691.5,83.34,68.34,0.0
742,84.0,69.0,0.0,742.0,692.5,83.34,68.34,0.0
743,86.0,71.0,0.0,743.0,693.5,83.35,68.35,0.0
744,86.0,71.0,0.0,744.0,694.5,83.39,68.39,0.0
745,84.0,69.0,0.0,745.0,695.5,83.39,68.39,0.0
746,86.0,71.0,0.0,746.0,696.5,83.41,68.41,0.0
747,86.0,71.0,0.0,747.0,697.5,83.42,68.42,0.0
748,86.0,71.0,0.0,748.0,698.5,83.44,68.44,0.0
749,86.0,71.0,0.0,749.0,699.5,83.45,68.45,0.0
750,86.0,71.0,0.0,750.0,700.5,83.53,68.53,0.0
751,85.0,70.0,0.0,751.0,701.5,83.54,68.54,0.0
752,86.0,71.0,0.0,752.0,702.5,83.62,68.62,0.0
753,86.0,71.0,0.0,753.0,703.5,83.63,68.63,0.0
754,84.0,69.0,0.0,754.0,704.5,83.62,68.62,0.0
755,85.0,70.0,0.0,755.0,705.5,83.62,68.62,0.0
756,86.0,71.0,0.0,756.0,706.5,83.63,68.63,0.0
757,86.0,71.0,0.0,757.0,707.5,83.76,68.76,0.0
758,86.0,71.0,0.0,758.0,708.5,83.8,68.8,0.0
759,84.0,69.0,0.0,759.0,709.5,83.81,68.81,0.0
760,86.0,71.0,0.0,760.0,710.5,83.84,68.84,0.0
761,86.0,71.0,0.0,761.0,711.5,83.86,68.86,0.0
762,86.0,71.0,0.0,762.0,712.5,83.86,68.86,0.0
763,85.0,70.0,0.0,763.0,713.5,83.87,68.87,0.0
764,86.0,71.0,0.0,764.0,714.5,83.87,68.87,0.0
765,86.0,71.0,0.0,765.0,715.5,83.91,68.91,0.0
766,86.0,71.0,0.0,766.0,716.5,83.97,68.97,0.0
767,82.0,67.0,0.0,767.0,717.5,83.99,68.99,0.0
768,86.0,71.0,0.0,768.0,718.5,84.08,69.08,0.0
769,86.0,71.0,0.0,769.0,719.5,84.1,69.1,0.0
770,86.0,71.0,0.0,770.0,720.5,84.16,69.16,0.0
771,83.0,68.0,0.0,771.0,721.5,84.13,69.13,0.0
772,86.0,71.0,0.0,772.0,722.5,84.22,69.22,0.0
773,84.0,69.0,0.0,773.0,723.5,84.23,69.23,0.0
774,84.0,69.0,0.0,774.0,724.5,84.33,69.33,0.0
775,86.0,71.0,0.0,775.0,725.5,84.39,69.39,0.0
776,86.0,71.0,0.0,776.0,726.5,84.4,69.4,0.0
777,84.0,69.0,0.0,777.0,727.5,84.42,69.42,0.0
778,84.0,69.0,0.0,778.0,728.5,84.4,69.4,0.0
779,83.0,68.0,0.0,779.0,729.5,84.4,69.4,0.0
780,86.0,71.0,0.0,780.0,730.5,84.52,69.52,0.0
781,86.0,71.0,0.0,781.0,731.5,84.62,69.62,0.0
782,84.0,69.0,0.0,782.0,732.5,84.64,69.64,0.0
783,86.0,71.0,0.0,783.0,733.5,84.7,69.7,0.0
784,86.0,71.0,0.0,784.0,734.5,84.7,69.7,0.0
785,86.0,71.0,0.0,785.0,735.5,84.71,69.71,0.0
786,86.0,71.0,0.0,786.0,736.5,84.72,69.72,0.0
787,86.0,71.0,0.0,787.0,737.5,84.74,69.74,0.0
788,86.0,71.0,0.0,788.0,738.5,84.77,69.77,0.0
789,86.0,71.0,0.0,789.0,739.5,84.79,69.79,0.0
790,86.0,71.0,0.0,790.0,740.5,84.81,69.81,0.0
791,86.0,71.0,0.0,791.0,741.5,84.81,69.81,0.0
792,86.0,71.0,0.0,792.0,742.5,84.82,69.82,0.0
793,86.0,71.0,0.0,793.0,743.5,84.85,69.85,0.0
794,86.0,71.0,0.0,794.0,744.5,84.85,69.85,0.0
795,86.0,71.0,0.0,795.0,745.5,84.85,69.85,0.0
796,86.0,71.0,0.0,796.0,746.5,84.94,69.94,0.0
797,86.0,71.0,0.0,797.0,747.5,84.96,69.96,0.0
798,86.0,71.0,0.0,798.0,748.5,85.0,70.0,0.0
799,86.0,71.0,0.0,799.0,749.5,85.01,70.01,0.0
